opportunity number,field / event,Old value,New Value,edit date
OPP-FY26-0001,Next Steps,Implementation plan,Implementation plan - minor,2025-10-15
OPP-FY26-0003,Next Steps,Implementation plan,Exec sponsor confirm,2026-04-09
OPP-FY26-0003,Next Steps,Exec sponsor confirm,Deep dive,2026-05-02
OPP-FY26-0004,Next Steps,Exec sponsor confirm,Implementation plan,2025-12-14
OPP-FY26-0004,Next Steps,Implementation plan,Implementation plan - pending,2026-01-03
OPP-FY26-0004,Next Steps,Implementation plan - pending,Implementation plan - pending - minor,2026-02-01
OPP-FY26-0005,Next Steps,Implementation plan,Implementation plan - minor,2026-05-01
OPP-FY26-0006,Next Steps,,Exec sponsor confirm,2026-05-10
OPP-FY26-0007,Next Steps,,POC run,2026-05-30
OPP-FY26-0008,Next Steps,,Exec sponsor confirm,2026-02-17
OPP-FY26-0010,Next Steps,Exec sponsor confirm,Exec sponsor confirm - follow up,2026-02-05
OPP-FY26-0010,Next Steps,Exec sponsor confirm - follow up,Exec sponsor confirm - follow up - minor,2026-02-28
OPP-FY26-0012,Next Steps,Proposal review,Proposal review - minor,2026-06-17
OPP-FY26-0012,Next Steps,Proposal review - minor,Proposal review - minor - pending,2026-07-17
OPP-FY26-0012,Next Steps,Proposal review - minor - pending,Implementation plan,2026-08-07
OPP-FY26-0012,Next Steps,Implementation plan,Proposal review,2026-08-18
OPP-FY26-0014,Next Steps,Implementation plan,Deep dive,2025-10-31
OPP-FY26-0015,Next Steps,,Procurement alignment,2026-04-25
OPP-FY26-0016,Next Steps,,Deep dive,2026-04-27
OPP-FY26-0016,Next Steps,Deep dive,POC run,2026-05-12
OPP-FY26-0017,Next Steps,POC run,POC run - minor,2026-02-05
OPP-FY26-0019,Next Steps,,Proposal review,2025-12-22
OPP-FY26-0019,Next Steps,Proposal review,Implementation plan,2025-12-26
OPP-FY26-0020,Next Steps,,Proposal review,2026-03-15
OPP-FY26-0020,Next Steps,Proposal review,Proposal review - follow up,2026-03-20
OPP-FY26-0020,Next Steps,Proposal review - follow up,Procurement alignment,2026-04-27
OPP-FY26-0021,Next Steps,POC run,Procurement alignment,2026-04-01
OPP-FY26-0022,Next Steps,POC run,Procurement alignment,2026-02-08
OPP-FY26-0022,Next Steps,Procurement alignment,POC run,2026-03-11
OPP-FY26-0023,Next Steps,Deep dive,Deep dive - pending,2025-11-07
OPP-FY26-0023,Next Steps,Deep dive - pending,Implementation plan,2025-11-30
OPP-FY26-0024,Next Steps,Exec sponsor confirm,Exec sponsor confirm - update,2025-12-16
OPP-FY26-0024,Next Steps,Exec sponsor confirm - update,POC run,2025-12-25
OPP-FY26-0024,Next Steps,POC run,Deep dive,2026-01-26
OPP-FY26-0024,Next Steps,Deep dive,Deep dive - minor,2026-02-28
OPP-FY26-0025,Next Steps,Implementation plan,Implementation plan - pending,2025-12-11
OPP-FY26-0025,Next Steps,Implementation plan - pending,Implementation plan - pending - minor,2026-01-13
OPP-FY26-0025,Next Steps,Implementation plan - pending - minor,Implementation plan - pending - minor - follow up,2026-02-06
OPP-FY26-0026,Next Steps,Implementation plan,POC run,2026-03-10
OPP-FY26-0026,Next Steps,POC run,POC run,2026-03-27
OPP-FY26-0026,Next Steps,POC run,Procurement alignment,2026-04-02
OPP-FY26-0027,Next Steps,Exec sponsor confirm,Deep dive,2026-03-05
OPP-FY26-0027,Next Steps,Deep dive,Deep dive - update,2026-03-25
OPP-FY26-0027,Next Steps,Deep dive - update,Deep dive - update (no change),2026-05-03
OPP-FY26-0027,Next Steps,Deep dive - update (no change),Deep dive - update (no change) - follow up,2026-06-03
OPP-FY26-0028,Next Steps,,Procurement alignment,2026-01-31
OPP-FY26-0028,Next Steps,Procurement alignment,Exec sponsor confirm,2026-02-22
OPP-FY26-0028,Next Steps,Exec sponsor confirm,Exec sponsor confirm (no change),2026-03-31
OPP-FY26-0028,Next Steps,Exec sponsor confirm (no change),Deep dive,2026-04-19
OPP-FY26-0029,Next Steps,Exec sponsor confirm,Proposal review,2026-04-06
OPP-FY26-0029,Next Steps,Proposal review,Procurement alignment,2026-05-03
OPP-FY26-0030,Next Steps,POC run,Implementation plan,2026-01-12
OPP-FY26-0030,Next Steps,Implementation plan,Implementation plan,2026-01-22
OPP-FY26-0032,Next Steps,Procurement alignment,Procurement alignment - update,2025-12-26
OPP-FY26-0032,Next Steps,Procurement alignment - update,Procurement alignment - update - follow up,2026-01-23
OPP-FY26-0032,Next Steps,Procurement alignment - update - follow up,Procurement alignment - update - follow up - update,2026-02-26
OPP-FY26-0032,Next Steps,Procurement alignment - update - follow up - update,Procurement alignment - update - follow up - update - pending,2026-04-02
OPP-FY26-0033,Next Steps,Implementation plan,Implementation plan - update,2025-11-17
OPP-FY26-0033,Next Steps,Implementation plan - update,Deep dive,2025-12-17
OPP-FY26-0033,Next Steps,Deep dive,Proposal review,2026-01-03
OPP-FY26-0033,Next Steps,Proposal review,Proposal review - minor,2026-01-13
OPP-FY26-0035,Next Steps,,POC run,2026-04-09
OPP-FY26-0036,Next Steps,,Deep dive,2025-10-27
OPP-FY26-0036,Next Steps,Deep dive,POC run,2025-11-18
OPP-FY26-0038,Next Steps,Procurement alignment,Deep dive,2026-01-27
OPP-FY26-0038,Next Steps,Deep dive,Implementation plan,2026-02-07
OPP-FY26-0038,Next Steps,Implementation plan,POC run,2026-03-07
OPP-FY26-0039,Next Steps,,Procurement alignment,2026-02-08
OPP-FY26-0039,Next Steps,Procurement alignment,POC run,2026-03-10
OPP-FY26-0039,Next Steps,POC run,POC run - minor,2026-03-26
OPP-FY26-0040,Next Steps,,Proposal review,2026-02-28
OPP-FY26-0040,Next Steps,Proposal review,Proposal review - minor,2026-03-29
OPP-FY26-0041,Next Steps,,Proposal review,2025-11-24
OPP-FY26-0042,Next Steps,POC run,POC run - follow up,2026-06-12
OPP-FY26-0042,Next Steps,POC run - follow up,POC run - follow up - update,2026-07-16
OPP-FY26-0042,Next Steps,POC run - follow up - update,Procurement alignment,2026-08-13
OPP-FY26-0042,Next Steps,Procurement alignment,Procurement alignment - pending,2026-09-12
OPP-FY26-0043,Next Steps,POC run,POC run - follow up,2026-06-03
OPP-FY26-0043,Next Steps,POC run - follow up,POC run - follow up (no change),2026-06-07
OPP-FY26-0045,Next Steps,POC run,POC run (no change),2026-01-26
OPP-FY26-0045,Next Steps,POC run (no change),Deep dive,2026-03-03
OPP-FY26-0045,Next Steps,Deep dive,Implementation plan,2026-03-22
OPP-FY26-0045,Next Steps,Implementation plan,Implementation plan - minor,2026-03-28
OPP-FY26-0046,Next Steps,Proposal review,Proposal review - pending,2025-11-02
OPP-FY26-0046,Next Steps,Proposal review - pending,Proposal review - pending - minor,2025-11-08
OPP-FY26-0046,Next Steps,Proposal review - pending - minor,Proposal review - pending - minor - pending,2025-11-29
OPP-FY26-0047,Next Steps,Proposal review,Proposal review - update,2026-01-25
OPP-FY26-0047,Next Steps,Proposal review - update,Exec sponsor confirm,2026-02-13
OPP-FY26-0048,Next Steps,POC run,POC run - minor,2026-05-06
OPP-FY26-0048,Next Steps,POC run - minor,POC run - minor (no change),2026-05-11
OPP-FY26-0049,Next Steps,Exec sponsor confirm,Exec sponsor confirm - minor,2026-02-22
OPP-FY26-0049,Next Steps,Exec sponsor confirm - minor,Exec sponsor confirm,2026-03-19
OPP-FY26-0049,Next Steps,Exec sponsor confirm,Exec sponsor confirm - minor,2026-04-22
OPP-FY26-0051,Next Steps,POC run,POC run - follow up,2026-06-08
OPP-FY26-0051,Next Steps,POC run - follow up,POC run - follow up (no change),2026-07-05
OPP-FY26-0051,Next Steps,POC run - follow up (no change),Proposal review,2026-07-17
OPP-FY26-0052,Next Steps,Deep dive,Procurement alignment,2025-11-21
OPP-FY26-0053,Next Steps,Proposal review,Proposal review - update,2026-01-06
OPP-FY26-0053,Next Steps,Proposal review - update,Proposal review - update (no change),2026-02-01
OPP-FY26-0054,Next Steps,Proposal review,Proposal review - follow up,2026-01-30
OPP-FY26-0054,Next Steps,Proposal review - follow up,Proposal review - follow up - pending,2026-03-09
OPP-FY26-0054,Next Steps,Proposal review - follow up - pending,POC run,2026-04-13
OPP-FY26-0056,Next Steps,,Implementation plan,2025-12-27
OPP-FY26-0056,Next Steps,Implementation plan,Implementation plan - minor,2025-12-31
OPP-FY26-0058,Next Steps,Exec sponsor confirm,POC run,2026-02-16
OPP-FY26-0058,Next Steps,POC run,POC run - minor,2026-03-27
OPP-FY26-0059,Next Steps,Exec sponsor confirm,Exec sponsor confirm - pending,2026-02-01
OPP-FY26-0059,Next Steps,Exec sponsor confirm - pending,Exec sponsor confirm - pending - update,2026-02-28
OPP-FY26-0060,Next Steps,Exec sponsor confirm,Procurement alignment,2025-12-09
OPP-FY26-0060,Next Steps,Procurement alignment,POC run,2025-12-29
OPP-FY26-0060,Next Steps,POC run,Deep dive,2026-01-11
OPP-FY26-0060,Next Steps,Deep dive,Deep dive - update,2026-01-21
OPP-FY26-0062,Next Steps,POC run,POC run,2026-03-31
OPP-FY26-0062,Next Steps,POC run,Deep dive,2026-05-07
OPP-FY26-0062,Next Steps,Deep dive,Deep dive - minor,2026-05-12
OPP-FY26-0063,Next Steps,Implementation plan,Implementation plan - follow up,2026-01-14
OPP-FY26-0063,Next Steps,Implementation plan - follow up,Implementation plan - follow up - follow up,2026-02-09
OPP-FY26-0064,Next Steps,Proposal review,Proposal review - update,2026-06-03
OPP-FY26-0064,Next Steps,Proposal review - update,POC run,2026-06-26
OPP-FY26-0064,Next Steps,POC run,POC run - minor,2026-07-04
OPP-FY26-0065,Next Steps,POC run,Deep dive,2026-05-06
OPP-FY26-0065,Next Steps,Deep dive,Deep dive (no change),2026-06-14
OPP-FY26-0066,Next Steps,Deep dive,Deep dive - update,2025-11-03
OPP-FY26-0066,Next Steps,Deep dive - update,POC run,2025-12-05
OPP-FY26-0067,Next Steps,Exec sponsor confirm,POC run,2026-05-01
OPP-FY26-0067,Next Steps,POC run,POC run - follow up,2026-05-05
OPP-FY26-0067,Next Steps,POC run - follow up,POC run - follow up - pending,2026-06-02
OPP-FY26-0067,Next Steps,POC run - follow up - pending,POC run - follow up - pending - follow up,2026-06-27
OPP-FY26-0068,Next Steps,Deep dive,Deep dive - update,2026-04-28
OPP-FY26-0069,Next Steps,Procurement alignment,Procurement alignment - minor,2026-04-22
OPP-FY26-0069,Next Steps,Procurement alignment - minor,Procurement alignment - minor - pending,2026-05-31
OPP-FY26-0069,Next Steps,Procurement alignment - minor - pending,Procurement alignment - minor - pending - minor,2026-06-16
OPP-FY26-0070,Next Steps,Proposal review,Deep dive,2026-01-14
OPP-FY26-0070,Next Steps,Deep dive,Procurement alignment,2026-01-22
OPP-FY26-0070,Next Steps,Procurement alignment,POC run,2026-02-25
OPP-FY26-0071,Next Steps,Procurement alignment,Procurement alignment - update,2026-03-09
OPP-FY26-0072,Next Steps,Implementation plan,Implementation plan - update,2026-04-19
OPP-FY26-0072,Next Steps,Implementation plan - update,Implementation plan - update (no change),2026-04-26
OPP-FY26-0072,Next Steps,Implementation plan - update (no change),Implementation plan - update (no change) - pending,2026-05-15
OPP-FY26-0073,Next Steps,Deep dive,Proposal review,2026-05-08
OPP-FY26-0073,Next Steps,Proposal review,Proposal review - follow up,2026-06-05
OPP-FY26-0074,Next Steps,,Exec sponsor confirm,2026-06-25
OPP-FY26-0075,Next Steps,Deep dive,Deep dive - follow up,2025-11-20
OPP-FY26-0076,Next Steps,Proposal review,Proposal review - pending,2025-12-31
OPP-FY26-0076,Next Steps,Proposal review - pending,Proposal review - pending - follow up,2026-01-13
OPP-FY26-0076,Next Steps,Proposal review - pending - follow up,Deep dive,2026-02-19
OPP-FY26-0076,Next Steps,Deep dive,Deep dive (no change),2026-03-25
OPP-FY26-0077,Next Steps,Exec sponsor confirm,Exec sponsor confirm - update,2026-05-01
OPP-FY26-0077,Next Steps,Exec sponsor confirm - update,Exec sponsor confirm - update - minor,2026-05-09
OPP-FY26-0079,Next Steps,,Deep dive,2026-04-27
OPP-FY26-0079,Next Steps,Deep dive,Proposal review,2026-05-19
OPP-FY26-0079,Next Steps,Proposal review,Implementation plan,2026-05-23
OPP-FY26-0080,Next Steps,,Procurement alignment,2026-05-04
OPP-FY26-0081,Next Steps,Procurement alignment,Procurement alignment - update,2026-05-11
OPP-FY26-0082,Next Steps,Exec sponsor confirm,Exec sponsor confirm - follow up,2026-05-13
OPP-FY26-0082,Next Steps,Exec sponsor confirm - follow up,Implementation plan,2026-06-19
OPP-FY26-0082,Next Steps,Implementation plan,Implementation plan - update,2026-07-23
OPP-FY26-0083,Next Steps,Implementation plan,Implementation plan,2026-02-04
OPP-FY26-0083,Next Steps,Implementation plan,Implementation plan (no change),2026-02-10
OPP-FY26-0084,Next Steps,Procurement alignment,Procurement alignment - update,2026-02-11
OPP-FY26-0084,Next Steps,Procurement alignment - update,Procurement alignment - update - pending,2026-03-01
OPP-FY26-0084,Next Steps,Procurement alignment - update - pending,Procurement alignment - update - pending - minor,2026-03-19
OPP-FY26-0084,Next Steps,Procurement alignment - update - pending - minor,Procurement alignment - update - pending - minor - minor,2026-04-13
OPP-FY26-0085,Next Steps,Proposal review,Proposal review,2026-06-22
OPP-FY26-0085,Next Steps,Proposal review,Proposal review - follow up,2026-06-27
OPP-FY26-0085,Next Steps,Proposal review - follow up,Proposal review - follow up - update,2026-07-21
OPP-FY26-0085,Next Steps,Proposal review - follow up - update,Deep dive,2026-08-11
OPP-FY26-0086,Next Steps,Implementation plan,Exec sponsor confirm,2026-03-21
OPP-FY26-0086,Next Steps,Exec sponsor confirm,Deep dive,2026-03-28
OPP-FY26-0088,Next Steps,POC run,Proposal review,2025-12-29
OPP-FY26-0088,Next Steps,Proposal review,Proposal review - follow up,2026-01-12
OPP-FY26-0088,Next Steps,Proposal review - follow up,Proposal review - follow up - update,2026-02-19
OPP-FY26-0089,Next Steps,Procurement alignment,Procurement alignment - update,2026-03-26
OPP-FY26-0089,Next Steps,Procurement alignment - update,Deep dive,2026-04-30
OPP-FY26-0089,Next Steps,Deep dive,Deep dive (no change),2026-05-15
OPP-FY26-0089,Next Steps,Deep dive (no change),Deep dive (no change) - pending,2026-05-23
OPP-FY26-0090,Next Steps,,Proposal review,2025-11-27
OPP-FY26-0090,Next Steps,Proposal review,Proposal review (no change),2025-12-17
OPP-FY26-0092,Next Steps,,POC run,2026-05-31
OPP-FY26-0093,Next Steps,,Implementation plan,2026-02-22
OPP-FY26-0093,Next Steps,Implementation plan,Exec sponsor confirm,2026-03-13
OPP-FY26-0093,Next Steps,Exec sponsor confirm,Implementation plan,2026-04-04
OPP-FY26-0093,Next Steps,Implementation plan,Deep dive,2026-05-09
OPP-FY26-0096,Next Steps,POC run,POC run - minor,2026-01-26
OPP-FY26-0096,Next Steps,POC run - minor,POC run - minor - follow up,2026-02-04
OPP-FY26-0097,Next Steps,,Implementation plan,2026-05-01
OPP-FY26-0097,Next Steps,Implementation plan,Implementation plan - pending,2026-05-27
OPP-FY26-0098,Next Steps,Deep dive,Proposal review,2026-03-25
OPP-FY26-0098,Next Steps,Proposal review,Proposal review - minor,2026-04-15
OPP-FY26-0099,Next Steps,POC run,POC run - follow up,2026-03-19
OPP-FY26-0100,Next Steps,,Exec sponsor confirm,2026-05-18
OPP-FY26-0100,Next Steps,Exec sponsor confirm,Exec sponsor confirm - minor,2026-06-10
OPP-FY26-0101,Next Steps,,Proposal review,2026-06-06
OPP-FY26-0101,Next Steps,Proposal review,Implementation plan,2026-06-16
OPP-FY26-0101,Next Steps,Implementation plan,Implementation plan - pending,2026-07-10
OPP-FY26-0101,Next Steps,Implementation plan - pending,Implementation plan - pending - update,2026-07-25
OPP-FY26-0102,Next Steps,,Deep dive,2026-03-10
OPP-FY26-0102,Next Steps,Deep dive,Deep dive - pending,2026-03-22
OPP-FY26-0102,Next Steps,Deep dive - pending,Deep dive - pending - update,2026-04-17
OPP-FY26-0102,Next Steps,Deep dive - pending - update,Deep dive - pending - update - follow up,2026-05-05
OPP-FY26-0104,Next Steps,Procurement alignment,Proposal review,2025-11-11
OPP-FY26-0104,Next Steps,Proposal review,Proposal review - update,2025-12-18
OPP-FY26-0104,Next Steps,Proposal review - update,POC run,2026-01-18
OPP-FY26-0107,Next Steps,Exec sponsor confirm,Exec sponsor confirm - minor,2025-12-30
OPP-FY26-0107,Next Steps,Exec sponsor confirm - minor,POC run,2026-01-08
OPP-FY26-0107,Next Steps,POC run,POC run (no change),2026-02-07
OPP-FY26-0107,Next Steps,POC run (no change),Exec sponsor confirm,2026-02-27
OPP-FY26-0108,Next Steps,Proposal review,Proposal review (no change),2026-01-30
OPP-FY26-0109,Next Steps,Implementation plan,Implementation plan - minor,2025-12-16
OPP-FY26-0109,Next Steps,Implementation plan - minor,POC run,2026-01-03
OPP-FY26-0110,Next Steps,Procurement alignment,Procurement alignment (no change),2026-06-13
OPP-FY26-0111,Next Steps,,Deep dive,2026-05-23
OPP-FY26-0112,Next Steps,,Implementation plan,2026-04-04
OPP-FY26-0112,Next Steps,Implementation plan,Implementation plan - minor,2026-05-13
OPP-FY26-0113,Next Steps,Exec sponsor confirm,Exec sponsor confirm - pending,2026-04-24
OPP-FY26-0113,Next Steps,Exec sponsor confirm - pending,POC run,2026-05-13
OPP-FY26-0113,Next Steps,POC run,POC run - pending,2026-05-30
OPP-FY26-0113,Next Steps,POC run - pending,POC run - pending - follow up,2026-07-09
OPP-FY26-0114,Next Steps,Implementation plan,Implementation plan - pending,2026-04-13
OPP-FY26-0117,Next Steps,Proposal review,Proposal review - pending,2026-03-03
OPP-FY26-0119,Next Steps,Implementation plan,Implementation plan,2026-02-10
OPP-FY26-0119,Next Steps,Implementation plan,POC run,2026-02-14
OPP-FY26-0120,Next Steps,Implementation plan,Exec sponsor confirm,2026-03-14
OPP-FY26-0120,Next Steps,Exec sponsor confirm,Exec sponsor confirm - update,2026-04-15
OPP-FY26-0121,Next Steps,,Exec sponsor confirm,2026-05-10
OPP-FY26-0125,Next Steps,POC run,POC run - pending,2026-05-26
OPP-FY26-0125,Next Steps,POC run - pending,Implementation plan,2026-06-21
OPP-FY26-0125,Next Steps,Implementation plan,Deep dive,2026-07-17
OPP-FY26-0126,Next Steps,Proposal review,Proposal review - minor,2025-11-07
OPP-FY26-0126,Next Steps,Proposal review - minor,Implementation plan,2025-11-15
OPP-FY26-0126,Next Steps,Implementation plan,Implementation plan - minor,2025-11-28
OPP-FY26-0127,Next Steps,Implementation plan,Implementation plan,2025-11-25
OPP-FY26-0127,Next Steps,Implementation plan,Implementation plan - update,2025-12-02
OPP-FY26-0127,Next Steps,Implementation plan - update,Implementation plan,2025-12-09
OPP-FY26-0127,Next Steps,Implementation plan,Implementation plan - minor,2026-01-14
OPP-FY26-0129,Next Steps,,Implementation plan,2025-12-10
OPP-FY26-0129,Next Steps,Implementation plan,Implementation plan - follow up,2025-12-15
OPP-FY26-0130,Next Steps,Proposal review,Proposal review (no change),2026-01-01
OPP-FY26-0132,Next Steps,Exec sponsor confirm,Implementation plan,2025-10-25
OPP-FY26-0132,Next Steps,Implementation plan,Implementation plan - update,2025-11-19
OPP-FY26-0132,Next Steps,Implementation plan - update,Implementation plan,2025-12-04
OPP-FY26-0133,Next Steps,POC run,Implementation plan,2025-11-02
OPP-FY26-0134,Next Steps,Proposal review,Proposal review - minor,2026-03-05
OPP-FY26-0134,Next Steps,Proposal review - minor,Procurement alignment,2026-03-24
OPP-FY26-0134,Next Steps,Procurement alignment,Procurement alignment - follow up,2026-04-23
OPP-FY26-0134,Next Steps,Procurement alignment - follow up,Procurement alignment - follow up - update,2026-05-28
OPP-FY26-0135,Next Steps,Exec sponsor confirm,Procurement alignment,2025-12-01
OPP-FY26-0136,Next Steps,,Procurement alignment,2026-05-27
OPP-FY26-0136,Next Steps,Procurement alignment,Procurement alignment (no change),2026-06-05
OPP-FY26-0139,Next Steps,Proposal review,Proposal review - minor,2026-02-09
OPP-FY26-0139,Next Steps,Proposal review - minor,Procurement alignment,2026-02-28
OPP-FY26-0139,Next Steps,Procurement alignment,Procurement alignment - pending,2026-03-26
OPP-FY26-0139,Next Steps,Procurement alignment - pending,Procurement alignment - pending - pending,2026-03-31
OPP-FY26-0141,Next Steps,Deep dive,Deep dive (no change),2026-05-13
OPP-FY26-0142,Next Steps,Exec sponsor confirm,POC run,2026-01-17
OPP-FY26-0142,Next Steps,POC run,Deep dive,2026-02-05
OPP-FY26-0142,Next Steps,Deep dive,POC run,2026-02-28
OPP-FY26-0142,Next Steps,POC run,Exec sponsor confirm,2026-03-08
OPP-FY26-0143,Next Steps,POC run,POC run - follow up,2026-02-23
OPP-FY26-0143,Next Steps,POC run - follow up,POC run - follow up - pending,2026-03-28
OPP-FY26-0143,Next Steps,POC run - follow up - pending,POC run - follow up - pending - update,2026-04-23
OPP-FY26-0143,Next Steps,POC run - follow up - pending - update,POC run - follow up - pending - update - follow up,2026-05-14
OPP-FY26-0144,Next Steps,,Exec sponsor confirm,2026-01-15
OPP-FY26-0144,Next Steps,Exec sponsor confirm,Exec sponsor confirm - minor,2026-01-22
OPP-FY26-0145,Next Steps,Deep dive,Implementation plan,2026-01-21
OPP-FY26-0145,Next Steps,Implementation plan,Implementation plan - follow up,2026-02-01
OPP-FY26-0146,Next Steps,Deep dive,Procurement alignment,2026-05-08
OPP-FY26-0149,Next Steps,Exec sponsor confirm,Exec sponsor confirm - minor,2026-03-04
OPP-FY26-0149,Next Steps,Exec sponsor confirm - minor,Procurement alignment,2026-03-30
OPP-FY26-0149,Next Steps,Procurement alignment,Procurement alignment - update,2026-04-28
OPP-FY26-0149,Next Steps,Procurement alignment - update,Deep dive,2026-05-27
OPP-FY26-0150,Next Steps,POC run,POC run - follow up,2026-05-19
OPP-FY26-0150,Next Steps,POC run - follow up,POC run - follow up - pending,2026-06-04
OPP-FY26-0150,Next Steps,POC run - follow up - pending,POC run - follow up - pending - follow up,2026-06-10
OPP-FY26-0151,Next Steps,Implementation plan,Implementation plan - update,2026-03-28
OPP-FY26-0152,Next Steps,,Procurement alignment,2025-11-23
OPP-FY26-0154,Next Steps,POC run,POC run (no change),2026-04-11
OPP-FY26-0154,Next Steps,POC run (no change),POC run (no change) - follow up,2026-05-06
OPP-FY26-0154,Next Steps,POC run (no change) - follow up,POC run (no change) - follow up - update,2026-05-28
OPP-FY26-0154,Next Steps,POC run (no change) - follow up - update,Implementation plan,2026-06-08
OPP-FY26-0156,Next Steps,Deep dive,Deep dive - pending,2026-06-16
OPP-FY26-0156,Next Steps,Deep dive - pending,Implementation plan,2026-07-21
OPP-FY26-0156,Next Steps,Implementation plan,Implementation plan - minor,2026-07-29
OPP-FY26-0157,Next Steps,Proposal review,POC run,2025-12-19
OPP-FY26-0157,Next Steps,POC run,POC run (no change),2026-01-28
OPP-FY26-0157,Next Steps,POC run (no change),POC run (no change) - pending,2026-02-07
OPP-FY26-0157,Next Steps,POC run (no change) - pending,Deep dive,2026-02-20
OPP-FY26-0159,Next Steps,,Implementation plan,2026-05-02
OPP-FY26-0160,Next Steps,Deep dive,POC run,2026-05-05
OPP-FY26-0160,Next Steps,POC run,Implementation plan,2026-06-03
OPP-FY26-0162,Next Steps,POC run,Deep dive,2026-03-10
OPP-FY26-0162,Next Steps,Deep dive,Procurement alignment,2026-03-25
OPP-FY26-0162,Next Steps,Procurement alignment,Procurement alignment - update,2026-04-05
OPP-FY26-0162,Next Steps,Procurement alignment - update,Exec sponsor confirm,2026-04-23
OPP-FY26-0163,Next Steps,Proposal review,Proposal review - follow up,2026-05-17
OPP-FY26-0165,Next Steps,Procurement alignment,Procurement alignment - minor,2026-01-28
OPP-FY26-0165,Next Steps,Procurement alignment - minor,Implementation plan,2026-02-14
OPP-FY26-0165,Next Steps,Implementation plan,Implementation plan,2026-03-03
OPP-FY26-0166,Next Steps,Deep dive,POC run,2026-04-21
OPP-FY26-0167,Next Steps,Procurement alignment,Deep dive,2026-05-17
OPP-FY26-0167,Next Steps,Deep dive,Proposal review,2026-05-29
OPP-FY26-0167,Next Steps,Proposal review,Exec sponsor confirm,2026-06-08
OPP-FY26-0167,Next Steps,Exec sponsor confirm,Exec sponsor confirm - minor,2026-06-28
OPP-FY26-0168,Next Steps,Procurement alignment,Procurement alignment - follow up,2026-02-26
OPP-FY26-0168,Next Steps,Procurement alignment - follow up,Deep dive,2026-03-25
OPP-FY26-0169,Next Steps,,Exec sponsor confirm,2026-01-24
OPP-FY26-0169,Next Steps,Exec sponsor confirm,Exec sponsor confirm - update,2026-02-11
OPP-FY26-0172,Next Steps,Proposal review,Proposal review - follow up,2026-05-31
OPP-FY26-0173,Next Steps,Proposal review,Proposal review - follow up,2026-06-08
OPP-FY26-0173,Next Steps,Proposal review - follow up,Exec sponsor confirm,2026-06-29
OPP-FY26-0173,Next Steps,Exec sponsor confirm,Exec sponsor confirm (no change),2026-07-22
OPP-FY26-0174,Next Steps,Exec sponsor confirm,Exec sponsor confirm (no change),2026-04-24
OPP-FY26-0175,Next Steps,,POC run,2026-01-14
OPP-FY26-0175,Next Steps,POC run,Deep dive,2026-02-08
OPP-FY26-0176,Next Steps,Implementation plan,POC run,2026-03-08
OPP-FY26-0176,Next Steps,POC run,POC run - follow up,2026-03-28
OPP-FY26-0177,Next Steps,Implementation plan,Implementation plan - follow up,2026-01-22
OPP-FY26-0177,Next Steps,Implementation plan - follow up,Implementation plan - follow up - pending,2026-02-05
OPP-FY26-0178,Next Steps,Procurement alignment,Procurement alignment - minor,2026-01-16
OPP-FY26-0180,Next Steps,Proposal review,Proposal review - pending,2026-01-04
OPP-FY26-0180,Next Steps,Proposal review - pending,Exec sponsor confirm,2026-01-27
OPP-FY26-0180,Next Steps,Exec sponsor confirm,Exec sponsor confirm - minor,2026-02-23
OPP-FY26-0180,Next Steps,Exec sponsor confirm - minor,Procurement alignment,2026-03-20
OPP-FY26-0181,Next Steps,,Implementation plan,2025-11-05
OPP-FY26-0182,Next Steps,POC run,POC run (no change),2025-12-13
OPP-FY26-0182,Next Steps,POC run (no change),POC run (no change) - minor,2026-01-11
OPP-FY26-0183,Next Steps,,Proposal review,2026-02-14
OPP-FY26-0184,Next Steps,Proposal review,Proposal review - pending,2025-11-02
OPP-FY26-0185,Next Steps,Exec sponsor confirm,Deep dive,2026-01-07
OPP-FY26-0185,Next Steps,Deep dive,Deep dive - pending,2026-01-11
OPP-FY26-0185,Next Steps,Deep dive - pending,Deep dive - pending - follow up,2026-02-12
OPP-FY26-0185,Next Steps,Deep dive - pending - follow up,Deep dive - pending - follow up - update,2026-03-08
OPP-FY26-0186,Next Steps,,Deep dive,2026-03-20
OPP-FY26-0186,Next Steps,Deep dive,Implementation plan,2026-03-30
OPP-FY26-0186,Next Steps,Implementation plan,Procurement alignment,2026-04-19
OPP-FY26-0186,Next Steps,Procurement alignment,Procurement alignment (no change),2026-05-22
OPP-FY26-0188,Next Steps,,Proposal review,2026-03-15
OPP-FY26-0188,Next Steps,Proposal review,Implementation plan,2026-04-22
OPP-FY26-0188,Next Steps,Implementation plan,Exec sponsor confirm,2026-05-14
OPP-FY26-0189,Next Steps,,Procurement alignment,2026-05-09
OPP-FY26-0189,Next Steps,Procurement alignment,Procurement alignment - update,2026-05-17
OPP-FY26-0189,Next Steps,Procurement alignment - update,Procurement alignment - update - update,2026-06-19
OPP-FY26-0190,Next Steps,Procurement alignment,Procurement alignment - follow up,2026-01-04
OPP-FY26-0190,Next Steps,Procurement alignment - follow up,POC run,2026-01-20
OPP-FY26-0190,Next Steps,POC run,POC run (no change),2026-02-23
OPP-FY26-0190,Next Steps,POC run (no change),POC run (no change) - follow up,2026-03-02
OPP-FY26-0191,Next Steps,,Procurement alignment,2025-10-09
OPP-FY26-0192,Next Steps,Procurement alignment,Procurement alignment - update,2026-03-30
OPP-FY26-0194,Next Steps,Deep dive,Proposal review,2025-12-04
OPP-FY26-0194,Next Steps,Proposal review,Proposal review - update,2025-12-12
OPP-FY26-0196,Next Steps,,Exec sponsor confirm,2025-10-24
OPP-FY26-0196,Next Steps,Exec sponsor confirm,Procurement alignment,2025-11-17
OPP-FY26-0196,Next Steps,Procurement alignment,POC run,2025-12-24
OPP-FY26-0196,Next Steps,POC run,POC run - pending,2026-01-19
OPP-FY26-0197,Next Steps,,Proposal review,2026-04-18
OPP-FY26-0198,Next Steps,Exec sponsor confirm,Exec sponsor confirm (no change),2025-12-29
OPP-FY26-0199,Next Steps,,Proposal review,2025-12-30
OPP-FY26-0200,Next Steps,Procurement alignment,Procurement alignment - pending,2025-11-16
OPP-FY26-0202,Next Steps,Procurement alignment,Procurement alignment - follow up,2025-10-15
OPP-FY26-0203,Next Steps,POC run,POC run - pending,2026-04-17
OPP-FY26-0203,Next Steps,POC run - pending,POC run - pending - update,2026-04-25
OPP-FY26-0204,Next Steps,Deep dive,Deep dive (no change),2026-04-04
OPP-FY26-0204,Next Steps,Deep dive (no change),Deep dive (no change) (no change),2026-05-11
OPP-FY26-0204,Next Steps,Deep dive (no change) (no change),Deep dive (no change) (no change) - update,2026-05-25
OPP-FY26-0204,Next Steps,Deep dive (no change) (no change) - update,Deep dive (no change) (no change) - update (no change),2026-06-24
OPP-FY26-0205,Next Steps,POC run,POC run (no change),2026-06-12
OPP-FY26-0206,Next Steps,Procurement alignment,POC run,2026-05-06
OPP-FY26-0206,Next Steps,POC run,POC run - minor,2026-06-11
OPP-FY26-0206,Next Steps,POC run - minor,POC run - minor - update,2026-06-28
OPP-FY26-0207,Next Steps,Deep dive,Deep dive,2026-03-20
OPP-FY26-0207,Next Steps,Deep dive,Implementation plan,2026-03-29
OPP-FY26-0207,Next Steps,Implementation plan,Implementation plan - minor,2026-04-02
OPP-FY26-0209,Next Steps,Procurement alignment,Deep dive,2026-02-02
OPP-FY26-0209,Next Steps,Deep dive,Exec sponsor confirm,2026-02-24
OPP-FY26-0210,Next Steps,Exec sponsor confirm,Exec sponsor confirm - update,2025-12-18
OPP-FY26-0210,Next Steps,Exec sponsor confirm - update,Procurement alignment,2026-01-21
OPP-FY26-0210,Next Steps,Procurement alignment,Implementation plan,2026-03-01
OPP-FY26-0210,Next Steps,Implementation plan,Exec sponsor confirm,2026-03-31
OPP-FY26-0211,Next Steps,Implementation plan,Exec sponsor confirm,2026-03-17
OPP-FY26-0211,Next Steps,Exec sponsor confirm,Exec sponsor confirm - pending,2026-03-28
OPP-FY26-0212,Next Steps,POC run,POC run (no change),2025-12-30
OPP-FY26-0212,Next Steps,POC run (no change),POC run (no change) (no change),2026-01-08
OPP-FY26-0212,Next Steps,POC run (no change) (no change),POC run (no change) (no change) - minor,2026-01-25
OPP-FY26-0212,Next Steps,POC run (no change) (no change) - minor,POC run (no change) (no change) - minor (no change),2026-02-05
OPP-FY26-0213,Next Steps,,Procurement alignment,2026-03-02
OPP-FY26-0213,Next Steps,Procurement alignment,Procurement alignment (no change),2026-03-20
OPP-FY26-0213,Next Steps,Procurement alignment (no change),Procurement alignment (no change) - minor,2026-04-23
OPP-FY26-0214,Next Steps,,Procurement alignment,2025-11-25
OPP-FY26-0215,Next Steps,,Exec sponsor confirm,2025-12-25
OPP-FY26-0215,Next Steps,Exec sponsor confirm,Exec sponsor confirm - update,2026-01-30
OPP-FY26-0215,Next Steps,Exec sponsor confirm - update,POC run,2026-03-09
OPP-FY26-0216,Next Steps,Deep dive,Deep dive - follow up,2026-07-05
OPP-FY26-0216,Next Steps,Deep dive - follow up,Deep dive - follow up (no change),2026-07-17
OPP-FY26-0216,Next Steps,Deep dive - follow up (no change),Deep dive - follow up (no change) (no change),2026-08-21
OPP-FY26-0217,Next Steps,POC run,Deep dive,2026-03-04
OPP-FY26-0217,Next Steps,Deep dive,Deep dive - update,2026-04-06
OPP-FY26-0219,Next Steps,Deep dive,Deep dive - follow up,2025-10-17
OPP-FY26-0219,Next Steps,Deep dive - follow up,Deep dive,2025-10-28
OPP-FY26-0220,Next Steps,Implementation plan,Exec sponsor confirm,2026-03-05
OPP-FY26-0220,Next Steps,Exec sponsor confirm,Exec sponsor confirm - pending,2026-03-12
OPP-FY26-0221,Next Steps,Exec sponsor confirm,Procurement alignment,2026-05-06
OPP-FY26-0221,Next Steps,Procurement alignment,Proposal review,2026-05-17
OPP-FY26-0221,Next Steps,Proposal review,Proposal review,2026-05-25
OPP-FY26-0221,Next Steps,Proposal review,Proposal review - pending,2026-06-24
OPP-FY26-0223,Next Steps,Procurement alignment,Procurement alignment - minor,2026-04-29
OPP-FY26-0223,Next Steps,Procurement alignment - minor,Procurement alignment - minor (no change),2026-05-17
OPP-FY26-0224,Next Steps,,POC run,2026-06-16
OPP-FY26-0224,Next Steps,POC run,Deep dive,2026-07-14
OPP-FY26-0224,Next Steps,Deep dive,Implementation plan,2026-08-05
OPP-FY26-0225,Next Steps,,Proposal review,2026-05-05
OPP-FY26-0225,Next Steps,Proposal review,Implementation plan,2026-06-05
OPP-FY26-0226,Next Steps,Procurement alignment,POC run,2026-05-18
OPP-FY26-0226,Next Steps,POC run,POC run - pending,2026-05-24
OPP-FY26-0226,Next Steps,POC run - pending,POC run - pending - update,2026-06-07
OPP-FY26-0227,Next Steps,Proposal review,Proposal review (no change),2026-02-24
OPP-FY26-0227,Next Steps,Proposal review (no change),Exec sponsor confirm,2026-03-31
OPP-FY26-0227,Next Steps,Exec sponsor confirm,Implementation plan,2026-04-13
OPP-FY26-0228,Next Steps,Exec sponsor confirm,Deep dive,2025-11-10
OPP-FY26-0228,Next Steps,Deep dive,Deep dive - update,2025-11-16
OPP-FY26-0228,Next Steps,Deep dive - update,Deep dive - update - minor,2025-12-17
OPP-FY26-0228,Next Steps,Deep dive - update - minor,Deep dive - update - minor (no change),2026-01-06
OPP-FY26-0229,Next Steps,Procurement alignment,Procurement alignment,2026-02-16
OPP-FY26-0229,Next Steps,Procurement alignment,Exec sponsor confirm,2026-03-23
OPP-FY26-0230,Next Steps,Exec sponsor confirm,Deep dive,2026-02-22
OPP-FY26-0230,Next Steps,Deep dive,Deep dive (no change),2026-03-24
OPP-FY26-0230,Next Steps,Deep dive (no change),Deep dive (no change) (no change),2026-03-29
OPP-FY26-0232,Next Steps,Proposal review,Exec sponsor confirm,2026-02-07
OPP-FY26-0234,Next Steps,POC run,POC run (no change),2026-06-02
OPP-FY26-0238,Next Steps,Procurement alignment,Procurement alignment - minor,2026-05-28
OPP-FY26-0238,Next Steps,Procurement alignment - minor,Proposal review,2026-06-14
OPP-FY26-0238,Next Steps,Proposal review,Proposal review - pending,2026-07-09
OPP-FY26-0238,Next Steps,Proposal review - pending,Exec sponsor confirm,2026-07-31
OPP-FY26-0239,Next Steps,Proposal review,Proposal review - update,2026-04-15
OPP-FY26-0239,Next Steps,Proposal review - update,Proposal review,2026-05-03
OPP-FY26-0239,Next Steps,Proposal review,Proposal review - update,2026-05-28
OPP-FY26-0240,Next Steps,Deep dive,Deep dive - update,2026-07-09
OPP-FY26-0240,Next Steps,Deep dive - update,Deep dive,2026-07-30
OPP-FY26-0240,Next Steps,Deep dive,Implementation plan,2026-08-30
OPP-FY26-0241,Next Steps,Deep dive,Implementation plan,2026-03-31
OPP-FY26-0241,Next Steps,Implementation plan,Implementation plan - update,2026-04-23
OPP-FY26-0241,Next Steps,Implementation plan - update,Implementation plan - update - update,2026-05-31
OPP-FY26-0241,Next Steps,Implementation plan - update - update,Implementation plan,2026-06-14
OPP-FY26-0242,Next Steps,Procurement alignment,Deep dive,2026-01-09
OPP-FY26-0242,Next Steps,Deep dive,Proposal review,2026-01-26
OPP-FY26-0243,Next Steps,Procurement alignment,Procurement alignment (no change),2026-07-09
OPP-FY26-0243,Next Steps,Procurement alignment (no change),Proposal review,2026-08-11
OPP-FY26-0243,Next Steps,Proposal review,POC run,2026-09-06
OPP-FY26-0244,Next Steps,Exec sponsor confirm,Exec sponsor confirm - pending,2026-01-26
OPP-FY26-0244,Next Steps,Exec sponsor confirm - pending,Exec sponsor confirm - pending - update,2026-03-03
OPP-FY26-0244,Next Steps,Exec sponsor confirm - pending - update,Exec sponsor confirm,2026-04-04
OPP-FY26-0244,Next Steps,Exec sponsor confirm,Exec sponsor confirm - pending,2026-04-20
OPP-FY26-0245,Next Steps,Exec sponsor confirm,Exec sponsor confirm - update,2026-04-17
OPP-FY26-0245,Next Steps,Exec sponsor confirm - update,Exec sponsor confirm - update - update,2026-05-08
OPP-FY26-0245,Next Steps,Exec sponsor confirm - update - update,POC run,2026-06-01
OPP-FY26-0246,Next Steps,Implementation plan,Implementation plan - update,2026-02-17
OPP-FY26-0247,Next Steps,,Proposal review,2025-12-16
OPP-FY26-0247,Next Steps,Proposal review,Proposal review (no change),2026-01-02
OPP-FY26-0247,Next Steps,Proposal review (no change),Proposal review (no change) (no change),2026-01-21
OPP-FY26-0247,Next Steps,Proposal review (no change) (no change),Procurement alignment,2026-01-27
OPP-FY26-0248,Next Steps,Implementation plan,Implementation plan,2026-04-24
OPP-FY26-0248,Next Steps,Implementation plan,Implementation plan - follow up,2026-05-01
OPP-FY26-0248,Next Steps,Implementation plan - follow up,Implementation plan - follow up - minor,2026-06-07
OPP-FY26-0250,Next Steps,POC run,POC run,2026-01-20
OPP-FY26-0250,Next Steps,POC run,POC run - minor,2026-02-25
OPP-FY26-0250,Next Steps,POC run - minor,POC run - minor (no change),2026-04-01
OPP-FY26-0251,Next Steps,Procurement alignment,Procurement alignment - minor,2025-12-24
OPP-FY26-0252,Next Steps,,Deep dive,2026-03-21
OPP-FY26-0252,Next Steps,Deep dive,Deep dive - follow up,2026-03-30
OPP-FY26-0253,Next Steps,Exec sponsor confirm,Proposal review,2026-04-02
OPP-FY26-0253,Next Steps,Proposal review,Proposal review - minor,2026-05-10
OPP-FY26-0253,Next Steps,Proposal review - minor,Exec sponsor confirm,2026-05-26
OPP-FY26-0254,Next Steps,POC run,Implementation plan,2026-05-07
OPP-FY26-0255,Next Steps,Proposal review,Proposal review - pending,2026-04-29
OPP-FY26-0255,Next Steps,Proposal review - pending,POC run,2026-06-06
OPP-FY26-0255,Next Steps,POC run,POC run - pending,2026-06-27
OPP-FY26-0256,Next Steps,,Proposal review,2026-06-19
OPP-FY26-0257,Next Steps,Proposal review,Proposal review - follow up,2025-11-16
OPP-FY26-0257,Next Steps,Proposal review - follow up,Proposal review - follow up - follow up,2025-12-11
OPP-FY26-0257,Next Steps,Proposal review - follow up - follow up,Proposal review - follow up - follow up - minor,2026-01-07
OPP-FY26-0259,Next Steps,POC run,POC run - update,2026-04-16
OPP-FY26-0259,Next Steps,POC run - update,POC run - update - pending,2026-04-27
OPP-FY26-0259,Next Steps,POC run - update - pending,Exec sponsor confirm,2026-05-23
OPP-FY26-0259,Next Steps,Exec sponsor confirm,Proposal review,2026-06-29
OPP-FY26-0260,Next Steps,Deep dive,Deep dive - minor,2026-06-08
OPP-FY26-0260,Next Steps,Deep dive - minor,Deep dive - minor - update,2026-06-16
OPP-FY26-0261,Next Steps,,Implementation plan,2026-01-20
OPP-FY26-0261,Next Steps,Implementation plan,Implementation plan (no change),2026-02-17
OPP-FY26-0261,Next Steps,Implementation plan (no change),Implementation plan (no change) - minor,2026-02-27
OPP-FY26-0261,Next Steps,Implementation plan (no change) - minor,Implementation plan (no change) - minor - follow up,2026-03-30
OPP-FY26-0262,Next Steps,Deep dive,Procurement alignment,2026-02-13
OPP-FY26-0262,Next Steps,Procurement alignment,Procurement alignment - minor,2026-03-08
OPP-FY26-0262,Next Steps,Procurement alignment - minor,Procurement alignment - minor - update,2026-04-03
OPP-FY26-0262,Next Steps,Procurement alignment - minor - update,Procurement alignment - minor - update (no change),2026-05-09
OPP-FY26-0263,Next Steps,Implementation plan,Implementation plan - follow up,2026-05-24
OPP-FY26-0263,Next Steps,Implementation plan - follow up,Implementation plan - follow up - follow up,2026-06-06
OPP-FY26-0263,Next Steps,Implementation plan - follow up - follow up,Implementation plan - follow up - follow up - follow up,2026-07-05
OPP-FY26-0265,Next Steps,Deep dive,Deep dive - follow up,2026-01-23
OPP-FY26-0265,Next Steps,Deep dive - follow up,Deep dive - follow up (no change),2026-01-28
OPP-FY26-0266,Next Steps,Proposal review,Proposal review - pending,2026-06-27
OPP-FY26-0266,Next Steps,Proposal review - pending,Proposal review - pending - update,2026-08-04
OPP-FY26-0267,Next Steps,Procurement alignment,Procurement alignment,2026-01-06
OPP-FY26-0267,Next Steps,Procurement alignment,Procurement alignment - minor,2026-01-20
OPP-FY26-0267,Next Steps,Procurement alignment - minor,Procurement alignment - minor - follow up,2026-03-01
OPP-FY26-0268,Next Steps,POC run,Implementation plan,2026-02-16
OPP-FY26-0268,Next Steps,Implementation plan,Implementation plan (no change),2026-02-28
OPP-FY26-0268,Next Steps,Implementation plan (no change),Exec sponsor confirm,2026-03-19
OPP-FY26-0268,Next Steps,Exec sponsor confirm,Exec sponsor confirm - follow up,2026-04-03
OPP-FY26-0269,Next Steps,Exec sponsor confirm,Deep dive,2025-11-08
OPP-FY26-0270,Next Steps,Procurement alignment,Procurement alignment,2026-02-25
OPP-FY26-0270,Next Steps,Procurement alignment,Proposal review,2026-03-14
OPP-FY26-0271,Next Steps,,Proposal review,2025-11-09
OPP-FY26-0271,Next Steps,Proposal review,Proposal review - pending,2025-12-04
OPP-FY26-0272,Next Steps,,POC run,2026-06-10
OPP-FY26-0272,Next Steps,POC run,POC run - follow up,2026-07-16
OPP-FY26-0272,Next Steps,POC run - follow up,POC run - follow up - pending,2026-07-31
OPP-FY26-0273,Next Steps,Procurement alignment,Proposal review,2026-04-27
OPP-FY26-0273,Next Steps,Proposal review,Proposal review - minor,2026-05-22
OPP-FY26-0274,Next Steps,,Deep dive,2026-06-17
OPP-FY26-0274,Next Steps,Deep dive,Deep dive (no change),2026-07-08
OPP-FY26-0274,Next Steps,Deep dive (no change),Deep dive (no change) - follow up,2026-08-17
OPP-FY26-0275,Next Steps,Deep dive,Deep dive,2026-05-19
OPP-FY26-0275,Next Steps,Deep dive,Deep dive,2026-06-09
OPP-FY26-0276,Next Steps,Procurement alignment,Procurement alignment - follow up,2026-06-24
OPP-FY26-0276,Next Steps,Procurement alignment - follow up,Procurement alignment - follow up (no change),2026-06-29
OPP-FY26-0276,Next Steps,Procurement alignment - follow up (no change),Procurement alignment - follow up (no change) - pending,2026-08-01
OPP-FY26-0276,Next Steps,Procurement alignment - follow up (no change) - pending,Procurement alignment - follow up (no change) - pending (no change),2026-08-22
OPP-FY26-0279,Next Steps,POC run,POC run - follow up,2025-11-05
OPP-FY26-0279,Next Steps,POC run - follow up,POC run - follow up - follow up,2025-11-13
OPP-FY26-0280,Next Steps,Deep dive,POC run,2025-11-04
OPP-FY26-0280,Next Steps,POC run,POC run - pending,2025-12-10
OPP-FY26-0282,Next Steps,Deep dive,Deep dive - minor,2025-11-10
OPP-FY26-0282,Next Steps,Deep dive - minor,Deep dive - minor - follow up,2025-11-26
OPP-FY26-0282,Next Steps,Deep dive - minor - follow up,Procurement alignment,2025-12-09
OPP-FY26-0282,Next Steps,Procurement alignment,Proposal review,2026-01-18
OPP-FY26-0283,Next Steps,Procurement alignment,Procurement alignment - minor,2025-12-28
OPP-FY26-0283,Next Steps,Procurement alignment - minor,Procurement alignment - minor - minor,2026-01-15
OPP-FY26-0285,Next Steps,Procurement alignment,Procurement alignment - update,2025-11-29
OPP-FY26-0285,Next Steps,Procurement alignment - update,POC run,2025-12-26
OPP-FY26-0286,Next Steps,,Procurement alignment,2026-01-19
OPP-FY26-0286,Next Steps,Procurement alignment,Procurement alignment (no change),2026-02-04
OPP-FY26-0286,Next Steps,Procurement alignment (no change),Procurement alignment (no change) - minor,2026-03-13
OPP-FY26-0286,Next Steps,Procurement alignment (no change) - minor,Procurement alignment (no change) - minor - pending,2026-04-07
OPP-FY26-0287,Next Steps,Proposal review,Implementation plan,2026-05-07
OPP-FY26-0287,Next Steps,Implementation plan,Implementation plan,2026-05-31
OPP-FY26-0287,Next Steps,Implementation plan,Implementation plan,2026-06-29
OPP-FY26-0288,Next Steps,Exec sponsor confirm,Proposal review,2026-05-04
OPP-FY26-0288,Next Steps,Proposal review,Exec sponsor confirm,2026-05-20
OPP-FY26-0288,Next Steps,Exec sponsor confirm,Exec sponsor confirm - update,2026-06-21
OPP-FY26-0288,Next Steps,Exec sponsor confirm - update,Exec sponsor confirm - update - pending,2026-07-16
OPP-FY26-0289,Next Steps,Implementation plan,Procurement alignment,2025-12-12
OPP-FY26-0289,Next Steps,Procurement alignment,POC run,2026-01-19
OPP-FY26-0289,Next Steps,POC run,Deep dive,2026-02-21
OPP-FY26-0291,Next Steps,,Procurement alignment,2026-04-29
OPP-FY26-0291,Next Steps,Procurement alignment,POC run,2026-05-08
OPP-FY26-0292,Next Steps,Exec sponsor confirm,Implementation plan,2026-05-10
OPP-FY26-0292,Next Steps,Implementation plan,Implementation plan - follow up,2026-05-21
OPP-FY26-0292,Next Steps,Implementation plan - follow up,Implementation plan - follow up - minor,2026-05-26
OPP-FY26-0292,Next Steps,Implementation plan - follow up - minor,Proposal review,2026-06-20
OPP-FY26-0294,Next Steps,,Proposal review,2025-11-27
OPP-FY26-0294,Next Steps,Proposal review,Proposal review (no change),2025-12-28
OPP-FY26-0294,Next Steps,Proposal review (no change),Proposal review (no change) - update,2026-01-18
OPP-FY26-0294,Next Steps,Proposal review (no change) - update,Proposal review (no change) - update - pending,2026-02-07
OPP-FY26-0297,Next Steps,,POC run,2026-04-28
OPP-FY26-0298,Next Steps,Deep dive,Deep dive - pending,2026-05-10
OPP-FY26-0298,Next Steps,Deep dive - pending,Deep dive - pending - pending,2026-06-18
OPP-FY26-0298,Next Steps,Deep dive - pending - pending,Deep dive,2026-07-01
OPP-FY26-0298,Next Steps,Deep dive,Proposal review,2026-07-23
OPP-FY26-0299,Next Steps,,Deep dive,2025-12-13
OPP-FY26-0299,Next Steps,Deep dive,Deep dive - follow up,2026-01-20
OPP-FY26-0300,Next Steps,POC run,POC run - update,2025-11-11
OPP-FY26-0300,Next Steps,POC run - update,POC run - update - follow up,2025-12-06
OPP-FY26-0300,Next Steps,POC run - update - follow up,POC run - update - follow up - pending,2026-01-09
OPP-FY26-0301,Next Steps,,Proposal review,2026-06-17
OPP-FY26-0301,Next Steps,Proposal review,Proposal review (no change),2026-07-22
OPP-FY26-0303,Next Steps,Exec sponsor confirm,Exec sponsor confirm - minor,2025-11-21
OPP-FY26-0304,Next Steps,Exec sponsor confirm,Proposal review,2025-11-03
OPP-FY26-0304,Next Steps,Proposal review,Proposal review - update,2025-12-04
OPP-FY26-0304,Next Steps,Proposal review - update,Proposal review - update (no change),2025-12-31
OPP-FY26-0304,Next Steps,Proposal review - update (no change),Proposal review,2026-01-10
OPP-FY26-0305,Next Steps,Proposal review,Proposal review - pending,2026-07-03
OPP-FY26-0306,Next Steps,Implementation plan,Implementation plan - pending,2026-02-26
OPP-FY26-0306,Next Steps,Implementation plan - pending,Implementation plan - pending - update,2026-03-24
OPP-FY26-0307,Next Steps,Proposal review,Proposal review - pending,2026-05-05
OPP-FY26-0307,Next Steps,Proposal review - pending,Proposal review - pending - update,2026-05-25
OPP-FY26-0307,Next Steps,Proposal review - pending - update,Proposal review - pending - update - pending,2026-07-01
OPP-FY26-0307,Next Steps,Proposal review - pending - update - pending,Proposal review - pending - update - pending - update,2026-07-29
OPP-FY26-0309,Next Steps,,Proposal review,2025-11-17
OPP-FY26-0309,Next Steps,Proposal review,POC run,2025-12-05
OPP-FY26-0309,Next Steps,POC run,Exec sponsor confirm,2026-01-10
OPP-FY26-0310,Next Steps,Implementation plan,Implementation plan,2026-06-04
OPP-FY26-0310,Next Steps,Implementation plan,Implementation plan,2026-06-24
OPP-FY26-0310,Next Steps,Implementation plan,Implementation plan - update,2026-07-02
OPP-FY26-0310,Next Steps,Implementation plan - update,Exec sponsor confirm,2026-07-26
OPP-FY26-0311,Next Steps,POC run,POC run - minor,2025-12-03
OPP-FY26-0311,Next Steps,POC run - minor,Exec sponsor confirm,2026-01-01
OPP-FY26-0311,Next Steps,Exec sponsor confirm,Exec sponsor confirm - update,2026-02-03
OPP-FY26-0311,Next Steps,Exec sponsor confirm - update,Exec sponsor confirm - update (no change),2026-02-08
OPP-FY26-0312,Next Steps,Exec sponsor confirm,Exec sponsor confirm (no change),2026-02-05
OPP-FY26-0312,Next Steps,Exec sponsor confirm (no change),Exec sponsor confirm (no change) - follow up,2026-03-17
OPP-FY26-0312,Next Steps,Exec sponsor confirm (no change) - follow up,Exec sponsor confirm (no change) - follow up (no change),2026-04-03
OPP-FY26-0312,Next Steps,Exec sponsor confirm (no change) - follow up (no change),Exec sponsor confirm (no change) - follow up (no change) - pending,2026-04-19
OPP-FY26-0314,Next Steps,Proposal review,Implementation plan,2026-03-16
OPP-FY26-0316,Next Steps,Procurement alignment,Procurement alignment - update,2026-01-30
OPP-FY26-0316,Next Steps,Procurement alignment - update,Procurement alignment - update - pending,2026-03-05
OPP-FY26-0316,Next Steps,Procurement alignment - update - pending,Proposal review,2026-04-14
OPP-FY26-0318,Next Steps,Procurement alignment,Procurement alignment (no change),2026-02-05
OPP-FY26-0318,Next Steps,Procurement alignment (no change),Procurement alignment (no change) - minor,2026-02-26
OPP-FY26-0318,Next Steps,Procurement alignment (no change) - minor,Procurement alignment (no change) - minor - minor,2026-04-03
OPP-FY26-0318,Next Steps,Procurement alignment (no change) - minor - minor,Procurement alignment (no change) - minor - minor - minor,2026-04-12
OPP-FY26-0319,Next Steps,,POC run,2026-04-11
OPP-FY26-0319,Next Steps,POC run,POC run - minor,2026-05-07
OPP-FY26-0320,Next Steps,,Exec sponsor confirm,2025-12-27
OPP-FY26-0320,Next Steps,Exec sponsor confirm,Exec sponsor confirm - follow up,2026-01-29
OPP-FY26-0320,Next Steps,Exec sponsor confirm - follow up,Proposal review,2026-02-18
OPP-FY26-0320,Next Steps,Proposal review,Proposal review - follow up,2026-03-03
OPP-FY26-0322,Next Steps,Implementation plan,Implementation plan - follow up,2026-01-13
OPP-FY26-0322,Next Steps,Implementation plan - follow up,Implementation plan - follow up - follow up,2026-02-04
OPP-FY26-0322,Next Steps,Implementation plan - follow up - follow up,Implementation plan - follow up - follow up - follow up,2026-02-08
OPP-FY26-0322,Next Steps,Implementation plan - follow up - follow up - follow up,Implementation plan - follow up - follow up - follow up - update,2026-03-17
OPP-FY26-0323,Next Steps,Proposal review,Proposal review - pending,2026-02-23
OPP-FY26-0323,Next Steps,Proposal review - pending,Proposal review - pending - follow up,2026-03-07
OPP-FY26-0324,Next Steps,Implementation plan,Implementation plan - follow up,2026-01-17
OPP-FY26-0324,Next Steps,Implementation plan - follow up,Implementation plan - follow up - minor,2026-02-18
OPP-FY26-0324,Next Steps,Implementation plan - follow up - minor,Deep dive,2026-03-27
OPP-FY26-0324,Next Steps,Deep dive,Proposal review,2026-04-11
OPP-FY26-0325,Next Steps,Exec sponsor confirm,Exec sponsor confirm - pending,2025-12-13
OPP-FY26-0325,Next Steps,Exec sponsor confirm - pending,POC run,2026-01-02
OPP-FY26-0326,Next Steps,Implementation plan,Implementation plan - minor,2026-06-13
OPP-FY26-0326,Next Steps,Implementation plan - minor,Implementation plan,2026-07-12
OPP-FY26-0326,Next Steps,Implementation plan,Implementation plan - minor,2026-07-31
OPP-FY26-0326,Next Steps,Implementation plan - minor,Implementation plan - minor - pending,2026-08-05
OPP-FY26-0327,Next Steps,Deep dive,Deep dive - pending,2026-06-03
OPP-FY26-0328,Next Steps,,Deep dive,2025-10-16
OPP-FY26-0328,Next Steps,Deep dive,Deep dive - update,2025-10-20
OPP-FY26-0328,Next Steps,Deep dive - update,Exec sponsor confirm,2025-10-31
OPP-FY26-0329,Next Steps,,POC run,2026-01-23
OPP-FY26-0329,Next Steps,POC run,Procurement alignment,2026-01-27
OPP-FY26-0330,Next Steps,POC run,Proposal review,2026-01-26
OPP-FY26-0330,Next Steps,Proposal review,Exec sponsor confirm,2026-02-04
OPP-FY26-0330,Next Steps,Exec sponsor confirm,Exec sponsor confirm - follow up,2026-02-26
OPP-FY26-0334,Next Steps,Implementation plan,POC run,2026-04-27
OPP-FY26-0334,Next Steps,POC run,POC run,2026-05-18
OPP-FY26-0334,Next Steps,POC run,Exec sponsor confirm,2026-06-21
OPP-FY26-0336,Next Steps,Procurement alignment,Procurement alignment - follow up,2026-04-25
OPP-FY26-0336,Next Steps,Procurement alignment - follow up,Procurement alignment - follow up - follow up,2026-05-22
OPP-FY26-0336,Next Steps,Procurement alignment - follow up - follow up,Deep dive,2026-05-27
OPP-FY26-0336,Next Steps,Deep dive,Exec sponsor confirm,2026-06-01
OPP-FY26-0337,Next Steps,,Proposal review,2026-05-03
OPP-FY26-0337,Next Steps,Proposal review,Proposal review (no change),2026-05-28
OPP-FY26-0337,Next Steps,Proposal review (no change),Proposal review,2026-06-18
OPP-FY26-0338,Next Steps,Exec sponsor confirm,Exec sponsor confirm - update,2026-05-01
OPP-FY26-0338,Next Steps,Exec sponsor confirm - update,Exec sponsor confirm - update - follow up,2026-06-09
OPP-FY26-0338,Next Steps,Exec sponsor confirm - update - follow up,Exec sponsor confirm - update - follow up - update,2026-06-27
OPP-FY26-0338,Next Steps,Exec sponsor confirm - update - follow up - update,Deep dive,2026-07-01
OPP-FY26-0339,Next Steps,Exec sponsor confirm,Exec sponsor confirm (no change),2026-01-18
OPP-FY26-0339,Next Steps,Exec sponsor confirm (no change),Exec sponsor confirm (no change) - update,2026-01-23
OPP-FY26-0339,Next Steps,Exec sponsor confirm (no change) - update,Exec sponsor confirm (no change) - update - update,2026-01-29
OPP-FY26-0339,Next Steps,Exec sponsor confirm (no change) - update - update,Deep dive,2026-02-16
OPP-FY26-0340,Next Steps,POC run,Procurement alignment,2026-06-22
OPP-FY26-0342,Next Steps,POC run,POC run - update,2026-05-27
OPP-FY26-0342,Next Steps,POC run - update,Exec sponsor confirm,2026-07-05
OPP-FY26-0342,Next Steps,Exec sponsor confirm,Exec sponsor confirm - pending,2026-07-22
OPP-FY26-0342,Next Steps,Exec sponsor confirm - pending,POC run,2026-08-22
OPP-FY26-0343,Next Steps,Procurement alignment,Procurement alignment - follow up,2026-03-03
OPP-FY26-0343,Next Steps,Procurement alignment - follow up,Procurement alignment,2026-04-11
OPP-FY26-0343,Next Steps,Procurement alignment,Procurement alignment (no change),2026-05-11
OPP-FY26-0344,Next Steps,,Deep dive,2026-02-01
OPP-FY26-0344,Next Steps,Deep dive,Deep dive (no change),2026-02-17
OPP-FY26-0344,Next Steps,Deep dive (no change),Deep dive (no change) - follow up,2026-03-06
OPP-FY26-0344,Next Steps,Deep dive (no change) - follow up,Exec sponsor confirm,2026-04-03
OPP-FY26-0345,Next Steps,,Proposal review,2026-03-20
OPP-FY26-0345,Next Steps,Proposal review,POC run,2026-04-17
OPP-FY26-0345,Next Steps,POC run,POC run - update,2026-05-13
OPP-FY26-0346,Next Steps,Implementation plan,Proposal review,2026-04-21
OPP-FY26-0347,Next Steps,Procurement alignment,Procurement alignment - update,2026-02-02
OPP-FY26-0347,Next Steps,Procurement alignment - update,Procurement alignment - update (no change),2026-02-26
OPP-FY26-0347,Next Steps,Procurement alignment - update (no change),Procurement alignment - update (no change) - minor,2026-03-31
OPP-FY26-0348,Next Steps,Implementation plan,Deep dive,2026-02-18
OPP-FY26-0348,Next Steps,Deep dive,Deep dive - follow up,2026-03-17
OPP-FY26-0348,Next Steps,Deep dive - follow up,Exec sponsor confirm,2026-04-22
OPP-FY26-0351,Next Steps,,POC run,2026-04-15
OPP-FY26-0353,Next Steps,Procurement alignment,Procurement alignment - minor,2025-12-23
OPP-FY26-0353,Next Steps,Procurement alignment - minor,Deep dive,2026-01-12
OPP-FY26-0354,Next Steps,POC run,Exec sponsor confirm,2026-06-14
OPP-FY26-0354,Next Steps,Exec sponsor confirm,Deep dive,2026-06-18
OPP-FY26-0354,Next Steps,Deep dive,Deep dive - update,2026-07-17
OPP-FY26-0354,Next Steps,Deep dive - update,Implementation plan,2026-07-29
OPP-FY26-0355,Next Steps,Deep dive,Deep dive - follow up,2026-02-13
OPP-FY26-0355,Next Steps,Deep dive - follow up,POC run,2026-03-13
OPP-FY26-0355,Next Steps,POC run,POC run - update,2026-04-18
OPP-FY26-0355,Next Steps,POC run - update,POC run - update - minor,2026-05-03
OPP-FY26-0357,Next Steps,Implementation plan,Implementation plan - update,2026-01-13
OPP-FY26-0357,Next Steps,Implementation plan - update,Implementation plan - update - pending,2026-01-28
OPP-FY26-0357,Next Steps,Implementation plan - update - pending,POC run,2026-02-17
OPP-FY26-0358,Next Steps,,Implementation plan,2025-12-22
OPP-FY26-0358,Next Steps,Implementation plan,Implementation plan - pending,2026-01-23
OPP-FY26-0359,Next Steps,,POC run,2026-02-23
OPP-FY26-0359,Next Steps,POC run,POC run - update,2026-03-20
OPP-FY26-0361,Next Steps,Implementation plan,Exec sponsor confirm,2025-12-22
OPP-FY26-0361,Next Steps,Exec sponsor confirm,Implementation plan,2026-01-24
OPP-FY26-0362,Next Steps,Exec sponsor confirm,Exec sponsor confirm (no change),2026-01-15
OPP-FY26-0362,Next Steps,Exec sponsor confirm (no change),Implementation plan,2026-02-19
OPP-FY26-0362,Next Steps,Implementation plan,POC run,2026-03-28
OPP-FY26-0363,Next Steps,Deep dive,Deep dive - pending,2026-04-29
OPP-FY26-0363,Next Steps,Deep dive - pending,POC run,2026-05-14
OPP-FY26-0364,Next Steps,POC run,POC run (no change),2026-03-11
OPP-FY26-0364,Next Steps,POC run (no change),POC run,2026-03-31
OPP-FY26-0364,Next Steps,POC run,Proposal review,2026-04-20
OPP-FY26-0364,Next Steps,Proposal review,Proposal review - pending,2026-05-30
OPP-FY26-0365,Next Steps,POC run,POC run,2025-12-05
OPP-FY26-0365,Next Steps,POC run,POC run - pending,2025-12-13
OPP-FY26-0365,Next Steps,POC run - pending,POC run - pending - minor,2026-01-19
OPP-FY26-0366,Next Steps,Deep dive,Deep dive (no change),2025-12-31
OPP-FY26-0366,Next Steps,Deep dive (no change),Deep dive,2026-01-12
OPP-FY26-0367,Next Steps,POC run,Exec sponsor confirm,2026-03-27
OPP-FY26-0367,Next Steps,Exec sponsor confirm,Exec sponsor confirm - minor,2026-04-30
OPP-FY26-0367,Next Steps,Exec sponsor confirm - minor,Exec sponsor confirm - minor - update,2026-05-27
OPP-FY26-0367,Next Steps,Exec sponsor confirm - minor - update,Exec sponsor confirm - minor - update - minor,2026-06-22
OPP-FY26-0369,Next Steps,POC run,POC run - follow up,2025-12-27
OPP-FY26-0369,Next Steps,POC run - follow up,POC run - follow up - update,2026-01-30
OPP-FY26-0370,Next Steps,,Proposal review,2025-10-14
OPP-FY26-0370,Next Steps,Proposal review,Proposal review - pending,2025-11-04
OPP-FY26-0371,Next Steps,,Procurement alignment,2025-11-09
OPP-FY26-0371,Next Steps,Procurement alignment,Procurement alignment - pending,2025-11-15
OPP-FY26-0371,Next Steps,Procurement alignment - pending,Procurement alignment,2025-12-13
OPP-FY26-0373,Next Steps,Procurement alignment,POC run,2025-11-18
OPP-FY26-0373,Next Steps,POC run,POC run - minor,2025-12-01
OPP-FY26-0373,Next Steps,POC run - minor,Proposal review,2025-12-27
OPP-FY26-0374,Next Steps,,Exec sponsor confirm,2026-03-19
OPP-FY26-0374,Next Steps,Exec sponsor confirm,Implementation plan,2026-04-06
OPP-FY26-0374,Next Steps,Implementation plan,POC run,2026-04-17
OPP-FY26-0374,Next Steps,POC run,POC run - follow up,2026-05-27
OPP-FY26-0375,Next Steps,Implementation plan,Implementation plan - follow up,2026-05-28
OPP-FY26-0375,Next Steps,Implementation plan - follow up,Deep dive,2026-06-08
OPP-FY26-0375,Next Steps,Deep dive,Deep dive - pending,2026-07-08
OPP-FY26-0376,Next Steps,Procurement alignment,Proposal review,2026-03-14
OPP-FY26-0376,Next Steps,Proposal review,Deep dive,2026-03-18
OPP-FY26-0376,Next Steps,Deep dive,Deep dive - pending,2026-03-27
OPP-FY26-0376,Next Steps,Deep dive - pending,Deep dive - pending - follow up,2026-04-10
OPP-FY26-0377,Next Steps,Implementation plan,Deep dive,2026-03-11
OPP-FY26-0378,Next Steps,Exec sponsor confirm,Exec sponsor confirm - follow up,2026-01-20
OPP-FY26-0378,Next Steps,Exec sponsor confirm - follow up,Procurement alignment,2026-02-06
OPP-FY26-0378,Next Steps,Procurement alignment,Procurement alignment - minor,2026-02-27
OPP-FY26-0381,Next Steps,,Deep dive,2025-11-20
OPP-FY26-0381,Next Steps,Deep dive,Proposal review,2025-12-30
OPP-FY26-0381,Next Steps,Proposal review,Proposal review,2026-01-24
OPP-FY26-0382,Next Steps,Procurement alignment,Procurement alignment - minor,2026-01-01
OPP-FY26-0382,Next Steps,Procurement alignment - minor,Exec sponsor confirm,2026-01-30
OPP-FY26-0383,Next Steps,Implementation plan,Deep dive,2025-12-27
OPP-FY26-0383,Next Steps,Deep dive,POC run,2026-01-03
OPP-FY26-0383,Next Steps,POC run,POC run - follow up,2026-02-08
OPP-FY26-0383,Next Steps,POC run - follow up,POC run - follow up - update,2026-02-19
OPP-FY26-0384,Next Steps,POC run,POC run - pending,2025-11-25
OPP-FY26-0385,Next Steps,Proposal review,Proposal review - update,2026-07-09
OPP-FY26-0385,Next Steps,Proposal review - update,Proposal review - update - minor,2026-08-15
OPP-FY26-0386,Next Steps,,Procurement alignment,2026-06-10
OPP-FY26-0387,Next Steps,Proposal review,Implementation plan,2025-11-01
OPP-FY26-0387,Next Steps,Implementation plan,POC run,2025-11-29
OPP-FY26-0388,Next Steps,Deep dive,POC run,2025-11-24
OPP-FY26-0388,Next Steps,POC run,Deep dive,2026-01-03
OPP-FY26-0389,Next Steps,Procurement alignment,Procurement alignment - follow up,2026-02-07
OPP-FY26-0392,Next Steps,,Procurement alignment,2026-01-05
OPP-FY26-0392,Next Steps,Procurement alignment,Procurement alignment - update,2026-02-11
OPP-FY26-0392,Next Steps,Procurement alignment - update,POC run,2026-03-11
OPP-FY26-0393,Next Steps,Deep dive,Implementation plan,2026-03-26
OPP-FY26-0395,Next Steps,Implementation plan,Implementation plan (no change),2026-03-19
OPP-FY26-0395,Next Steps,Implementation plan (no change),Implementation plan (no change) - pending,2026-04-24
OPP-FY26-0396,Next Steps,Exec sponsor confirm,Exec sponsor confirm - update,2025-11-29
OPP-FY26-0396,Next Steps,Exec sponsor confirm - update,Exec sponsor confirm - update - update,2025-12-25
OPP-FY26-0396,Next Steps,Exec sponsor confirm - update - update,Exec sponsor confirm - update - update - follow up,2026-01-01
OPP-FY26-0396,Next Steps,Exec sponsor confirm - update - update - follow up,Exec sponsor confirm - update - update - follow up - minor,2026-01-24
OPP-FY26-0397,Next Steps,Exec sponsor confirm,Exec sponsor confirm - minor,2025-11-27
OPP-FY26-0397,Next Steps,Exec sponsor confirm - minor,Exec sponsor confirm - minor (no change),2025-12-19
OPP-FY26-0398,Next Steps,Procurement alignment,Procurement alignment (no change),2025-12-06
OPP-FY26-0398,Next Steps,Procurement alignment (no change),Procurement alignment (no change) - update,2025-12-29
OPP-FY26-0398,Next Steps,Procurement alignment (no change) - update,Exec sponsor confirm,2026-01-25
OPP-FY26-0398,Next Steps,Exec sponsor confirm,Exec sponsor confirm - minor,2026-02-13
OPP-FY26-0400,Next Steps,Exec sponsor confirm,Exec sponsor confirm - pending,2026-03-19
OPP-FY26-0400,Next Steps,Exec sponsor confirm - pending,Exec sponsor confirm - pending - minor,2026-04-06
OPP-FY26-0400,Next Steps,Exec sponsor confirm - pending - minor,Exec sponsor confirm - pending - minor - update,2026-04-18
OPP-FY26-0401,Next Steps,Implementation plan,Proposal review,2025-12-06
OPP-FY26-0403,Next Steps,,Deep dive,2026-02-14
OPP-FY26-0403,Next Steps,Deep dive,Deep dive - update,2026-02-21
OPP-FY26-0404,Next Steps,Implementation plan,Exec sponsor confirm,2025-12-27
OPP-FY26-0405,Next Steps,Procurement alignment,Exec sponsor confirm,2026-02-14
OPP-FY26-0405,Next Steps,Exec sponsor confirm,POC run,2026-03-04
OPP-FY26-0405,Next Steps,POC run,POC run - update,2026-03-27
OPP-FY26-0407,Next Steps,Implementation plan,Implementation plan - pending,2026-05-19
OPP-FY26-0407,Next Steps,Implementation plan - pending,Implementation plan - pending - update,2026-06-26
OPP-FY26-0407,Next Steps,Implementation plan - pending - update,POC run,2026-08-02
OPP-FY26-0407,Next Steps,POC run,Procurement alignment,2026-08-23
OPP-FY26-0408,Next Steps,Exec sponsor confirm,Exec sponsor confirm - update,2026-03-12
OPP-FY26-0408,Next Steps,Exec sponsor confirm - update,Exec sponsor confirm - update - minor,2026-04-18
OPP-FY26-0408,Next Steps,Exec sponsor confirm - update - minor,Exec sponsor confirm - update - minor (no change),2026-05-02
OPP-FY26-0410,Next Steps,POC run,Implementation plan,2026-02-28
OPP-FY26-0414,Next Steps,,Proposal review,2025-11-23
OPP-FY26-0414,Next Steps,Proposal review,Procurement alignment,2025-12-12
OPP-FY26-0414,Next Steps,Procurement alignment,Procurement alignment - minor,2025-12-30
OPP-FY26-0414,Next Steps,Procurement alignment - minor,POC run,2026-01-05
OPP-FY26-0416,Next Steps,Procurement alignment,Procurement alignment - pending,2025-12-29
OPP-FY26-0416,Next Steps,Procurement alignment - pending,Procurement alignment,2026-02-01
OPP-FY26-0416,Next Steps,Procurement alignment,Implementation plan,2026-02-05
OPP-FY26-0416,Next Steps,Implementation plan,Implementation plan (no change),2026-03-01
OPP-FY26-0417,Next Steps,POC run,Deep dive,2026-05-12
OPP-FY26-0419,Next Steps,POC run,POC run (no change),2026-05-25
OPP-FY26-0419,Next Steps,POC run (no change),Proposal review,2026-06-10
OPP-FY26-0419,Next Steps,Proposal review,Implementation plan,2026-07-15
OPP-FY26-0419,Next Steps,Implementation plan,Implementation plan (no change),2026-07-28
OPP-FY26-0420,Next Steps,,POC run,2026-04-13
OPP-FY26-0420,Next Steps,POC run,POC run,2026-05-02
OPP-FY26-0420,Next Steps,POC run,POC run - follow up,2026-05-15
OPP-FY26-0420,Next Steps,POC run - follow up,POC run - follow up - pending,2026-06-04
OPP-FY26-0421,Next Steps,Procurement alignment,POC run,2026-04-18
OPP-FY26-0421,Next Steps,POC run,Implementation plan,2026-05-08
OPP-FY26-0422,Next Steps,,Deep dive,2026-06-02
OPP-FY26-0423,Next Steps,Proposal review,Proposal review - minor,2025-12-29
OPP-FY26-0423,Next Steps,Proposal review - minor,Proposal review - minor - pending,2026-01-24
OPP-FY26-0423,Next Steps,Proposal review - minor - pending,Proposal review - minor - pending - follow up,2026-02-28
OPP-FY26-0423,Next Steps,Proposal review - minor - pending - follow up,Proposal review - minor - pending - follow up - update,2026-03-16
OPP-FY26-0424,Next Steps,Implementation plan,Exec sponsor confirm,2026-01-09
OPP-FY26-0424,Next Steps,Exec sponsor confirm,Exec sponsor confirm - update,2026-02-07
OPP-FY26-0424,Next Steps,Exec sponsor confirm - update,Exec sponsor confirm,2026-02-15
OPP-FY26-0426,Next Steps,POC run,Deep dive,2025-11-26
OPP-FY26-0426,Next Steps,Deep dive,Implementation plan,2025-12-10
OPP-FY26-0426,Next Steps,Implementation plan,Implementation plan - minor,2026-01-08
OPP-FY26-0427,Next Steps,Proposal review,Proposal review - follow up,2025-11-14
OPP-FY26-0427,Next Steps,Proposal review - follow up,Proposal review - follow up (no change),2025-12-21
OPP-FY26-0430,Next Steps,Implementation plan,Exec sponsor confirm,2026-06-30
OPP-FY26-0430,Next Steps,Exec sponsor confirm,POC run,2026-07-12
OPP-FY26-0430,Next Steps,POC run,POC run,2026-07-30
OPP-FY26-0430,Next Steps,POC run,POC run - follow up,2026-09-01
OPP-FY26-0431,Next Steps,,Exec sponsor confirm,2026-05-23
OPP-FY26-0431,Next Steps,Exec sponsor confirm,POC run,2026-06-12
OPP-FY26-0432,Next Steps,Deep dive,Deep dive (no change),2025-11-08
OPP-FY26-0432,Next Steps,Deep dive (no change),Exec sponsor confirm,2025-12-12
OPP-FY26-0432,Next Steps,Exec sponsor confirm,Procurement alignment,2026-01-12
OPP-FY26-0432,Next Steps,Procurement alignment,Exec sponsor confirm,2026-02-15
OPP-FY26-0433,Next Steps,Proposal review,Proposal review (no change),2026-04-09
OPP-FY26-0433,Next Steps,Proposal review (no change),Proposal review (no change) (no change),2026-04-26
OPP-FY26-0433,Next Steps,Proposal review (no change) (no change),Proposal review (no change) (no change) - minor,2026-05-28
OPP-FY26-0433,Next Steps,Proposal review (no change) (no change) - minor,Proposal review,2026-06-14
OPP-FY26-0435,Next Steps,Proposal review,Implementation plan,2026-05-20
OPP-FY26-0435,Next Steps,Implementation plan,Implementation plan - pending,2026-06-01
OPP-FY26-0435,Next Steps,Implementation plan - pending,Proposal review,2026-06-07
OPP-FY26-0436,Next Steps,Implementation plan,Procurement alignment,2025-11-19
OPP-FY26-0436,Next Steps,Procurement alignment,Procurement alignment (no change),2025-12-20
OPP-FY26-0436,Next Steps,Procurement alignment (no change),Deep dive,2026-01-08
OPP-FY26-0436,Next Steps,Deep dive,Deep dive - update,2026-01-19
OPP-FY26-0437,Next Steps,Procurement alignment,Proposal review,2026-01-23
OPP-FY26-0437,Next Steps,Proposal review,Proposal review - minor,2026-01-28
OPP-FY26-0438,Next Steps,Proposal review,Deep dive,2026-01-03
OPP-FY26-0438,Next Steps,Deep dive,Deep dive - follow up,2026-01-08
OPP-FY26-0439,Next Steps,,Implementation plan,2026-05-29
OPP-FY26-0439,Next Steps,Implementation plan,Implementation plan (no change),2026-07-05
OPP-FY26-0440,Next Steps,,Exec sponsor confirm,2026-05-03
OPP-FY26-0442,Next Steps,,Implementation plan,2025-12-28
OPP-FY26-0442,Next Steps,Implementation plan,Implementation plan (no change),2026-02-06
OPP-FY26-0443,Next Steps,Implementation plan,Implementation plan - minor,2025-11-14
OPP-FY26-0443,Next Steps,Implementation plan - minor,Proposal review,2025-12-23
OPP-FY26-0443,Next Steps,Proposal review,Implementation plan,2025-12-27
OPP-FY26-0443,Next Steps,Implementation plan,Implementation plan - follow up,2026-01-22
OPP-FY26-0444,Next Steps,POC run,POC run - follow up,2026-05-28
OPP-FY26-0444,Next Steps,POC run - follow up,Exec sponsor confirm,2026-06-05
OPP-FY26-0444,Next Steps,Exec sponsor confirm,Exec sponsor confirm - minor,2026-06-24
OPP-FY26-0445,Next Steps,Procurement alignment,Procurement alignment - minor,2026-06-05
OPP-FY26-0445,Next Steps,Procurement alignment - minor,Procurement alignment - minor - minor,2026-06-20
OPP-FY26-0445,Next Steps,Procurement alignment - minor - minor,Procurement alignment - minor - minor - pending,2026-07-22
OPP-FY26-0445,Next Steps,Procurement alignment - minor - minor - pending,Procurement alignment - minor - minor - pending - pending,2026-08-21
OPP-FY26-0447,Next Steps,Deep dive,Deep dive - update,2026-06-02
OPP-FY26-0447,Next Steps,Deep dive - update,Deep dive - update - minor,2026-06-24
OPP-FY26-0448,Next Steps,Proposal review,Implementation plan,2025-10-30
OPP-FY26-0448,Next Steps,Implementation plan,Implementation plan,2025-11-07
OPP-FY26-0448,Next Steps,Implementation plan,Implementation plan - minor,2025-12-09
OPP-FY26-0448,Next Steps,Implementation plan - minor,Implementation plan - minor - minor,2026-01-05
OPP-FY26-0449,Next Steps,,Exec sponsor confirm,2025-12-16
OPP-FY26-0449,Next Steps,Exec sponsor confirm,Exec sponsor confirm - follow up,2026-01-10
OPP-FY26-0449,Next Steps,Exec sponsor confirm - follow up,POC run,2026-01-22
OPP-FY26-0450,Next Steps,Procurement alignment,Implementation plan,2025-12-12
OPP-FY26-0450,Next Steps,Implementation plan,Implementation plan,2025-12-22
OPP-FY26-0450,Next Steps,Implementation plan,POC run,2026-01-25
OPP-FY26-0450,Next Steps,POC run,Proposal review,2026-02-22
OPP-FY26-0451,Next Steps,Implementation plan,Implementation plan - update,2026-04-16
OPP-FY26-0451,Next Steps,Implementation plan - update,Implementation plan - update - pending,2026-05-11
OPP-FY26-0452,Next Steps,Procurement alignment,Proposal review,2026-05-14
OPP-FY26-0453,Next Steps,Deep dive,Deep dive - minor,2026-03-10
OPP-FY26-0453,Next Steps,Deep dive - minor,Deep dive - minor - follow up,2026-03-29
OPP-FY26-0454,Next Steps,POC run,Proposal review,2025-10-29
OPP-FY26-0454,Next Steps,Proposal review,Proposal review - follow up,2025-11-29
OPP-FY26-0454,Next Steps,Proposal review - follow up,Deep dive,2025-12-06
OPP-FY26-0454,Next Steps,Deep dive,Deep dive (no change),2025-12-28
OPP-FY26-0455,Next Steps,Procurement alignment,Procurement alignment - update,2026-03-04
OPP-FY26-0455,Next Steps,Procurement alignment - update,Procurement alignment - update - follow up,2026-03-22
OPP-FY26-0456,Next Steps,,POC run,2026-06-30
OPP-FY26-0456,Next Steps,POC run,Proposal review,2026-07-29
OPP-FY26-0456,Next Steps,Proposal review,Proposal review,2026-08-11
OPP-FY26-0457,Next Steps,Implementation plan,Procurement alignment,2025-11-07
OPP-FY26-0457,Next Steps,Procurement alignment,Procurement alignment - update,2025-11-15
OPP-FY26-0457,Next Steps,Procurement alignment - update,Procurement alignment - update - pending,2025-12-01
OPP-FY26-0457,Next Steps,Procurement alignment - update - pending,Procurement alignment - update - pending - update,2025-12-09
OPP-FY26-0458,Next Steps,,POC run,2026-03-09
OPP-FY26-0460,Next Steps,Implementation plan,Deep dive,2026-02-28
OPP-FY26-0460,Next Steps,Deep dive,Deep dive (no change),2026-03-12
OPP-FY26-0462,Next Steps,Deep dive,Deep dive - update,2026-03-18
OPP-FY26-0462,Next Steps,Deep dive - update,Exec sponsor confirm,2026-03-31
OPP-FY26-0464,Next Steps,Deep dive,Deep dive - pending,2026-03-28
OPP-FY26-0464,Next Steps,Deep dive - pending,Deep dive - pending (no change),2026-04-06
OPP-FY26-0465,Next Steps,,POC run,2026-02-24
OPP-FY26-0465,Next Steps,POC run,POC run - minor,2026-03-17
OPP-FY26-0466,Next Steps,Exec sponsor confirm,Procurement alignment,2026-03-23
OPP-FY26-0466,Next Steps,Procurement alignment,Procurement alignment - follow up,2026-05-01
OPP-FY26-0466,Next Steps,Procurement alignment - follow up,Procurement alignment - follow up - pending,2026-05-17
OPP-FY26-0466,Next Steps,Procurement alignment - follow up - pending,Procurement alignment - follow up - pending - minor,2026-05-22
OPP-FY26-0468,Next Steps,POC run,POC run - minor,2026-02-19
OPP-FY26-0471,Next Steps,,Proposal review,2026-04-29
OPP-FY26-0471,Next Steps,Proposal review,Proposal review - minor,2026-06-06
OPP-FY26-0471,Next Steps,Proposal review - minor,Deep dive,2026-06-17
OPP-FY26-0472,Next Steps,Deep dive,Procurement alignment,2025-11-26
OPP-FY26-0474,Next Steps,Proposal review,Implementation plan,2026-02-07
OPP-FY26-0474,Next Steps,Implementation plan,Implementation plan - follow up,2026-03-07
OPP-FY26-0475,Next Steps,POC run,POC run - update,2026-01-16
OPP-FY26-0475,Next Steps,POC run - update,POC run - update (no change),2026-02-19
OPP-FY26-0475,Next Steps,POC run - update (no change),Implementation plan,2026-03-11
OPP-FY26-0476,Next Steps,Procurement alignment,Procurement alignment (no change),2025-12-07
OPP-FY26-0476,Next Steps,Procurement alignment (no change),Procurement alignment (no change) - update,2025-12-27
OPP-FY26-0476,Next Steps,Procurement alignment (no change) - update,Procurement alignment (no change) - update (no change),2026-01-17
OPP-FY26-0477,Next Steps,Proposal review,POC run,2026-06-17
OPP-FY26-0477,Next Steps,POC run,POC run (no change),2026-06-24
OPP-FY26-0477,Next Steps,POC run (no change),POC run (no change) (no change),2026-07-30
OPP-FY26-0477,Next Steps,POC run (no change) (no change),POC run (no change) (no change) - follow up,2026-08-03
OPP-FY26-0478,Next Steps,,Proposal review,2026-04-18
OPP-FY26-0479,Next Steps,Implementation plan,Implementation plan - minor,2025-12-21
OPP-FY26-0479,Next Steps,Implementation plan - minor,Deep dive,2026-01-15
OPP-FY26-0479,Next Steps,Deep dive,Deep dive - update,2026-02-05
OPP-FY26-0480,Next Steps,Implementation plan,Implementation plan - minor,2026-05-17
OPP-FY26-0480,Next Steps,Implementation plan - minor,Procurement alignment,2026-06-15
OPP-FY26-0480,Next Steps,Procurement alignment,Procurement alignment - follow up,2026-07-14
OPP-FY26-0480,Next Steps,Procurement alignment - follow up,Procurement alignment - follow up - update,2026-08-21
OPP-FY26-0481,Next Steps,Procurement alignment,Procurement alignment - pending,2025-12-19
OPP-FY26-0484,Next Steps,Procurement alignment,POC run,2026-02-18
OPP-FY26-0484,Next Steps,POC run,POC run (no change),2026-03-04
OPP-FY26-0484,Next Steps,POC run (no change),POC run (no change) - minor,2026-04-12
OPP-FY26-0484,Next Steps,POC run (no change) - minor,POC run (no change) - minor (no change),2026-04-25
OPP-FY26-0485,Next Steps,,POC run,2026-01-10
OPP-FY26-0485,Next Steps,POC run,POC run - minor,2026-01-16
OPP-FY26-0485,Next Steps,POC run - minor,POC run,2026-01-31
OPP-FY26-0485,Next Steps,POC run,POC run,2026-03-04
OPP-FY26-0486,Next Steps,Proposal review,Proposal review,2026-01-11
OPP-FY26-0489,Next Steps,POC run,Proposal review,2026-06-01
OPP-FY26-0489,Next Steps,Proposal review,Proposal review,2026-06-25
OPP-FY26-0489,Next Steps,Proposal review,Proposal review - follow up,2026-07-15
OPP-FY26-0490,Next Steps,Proposal review,Proposal review,2026-03-11
OPP-FY26-0493,Next Steps,Procurement alignment,Procurement alignment - pending,2026-03-22
OPP-FY26-0494,Next Steps,Deep dive,Deep dive - pending,2025-12-08
OPP-FY26-0494,Next Steps,Deep dive - pending,Exec sponsor confirm,2026-01-10
OPP-FY26-0495,Next Steps,Procurement alignment,Deep dive,2026-02-16
OPP-FY26-0495,Next Steps,Deep dive,POC run,2026-03-02
OPP-FY26-0495,Next Steps,POC run,Proposal review,2026-03-07
OPP-FY26-0495,Next Steps,Proposal review,Proposal review - pending,2026-04-13
OPP-FY26-0496,Next Steps,POC run,Implementation plan,2026-04-07
OPP-FY26-0496,Next Steps,Implementation plan,Implementation plan - minor,2026-05-11
OPP-FY26-0496,Next Steps,Implementation plan - minor,Deep dive,2026-06-06
OPP-FY26-0496,Next Steps,Deep dive,Deep dive - pending,2026-06-24
OPP-FY26-0498,Next Steps,,Deep dive,2026-05-22
OPP-FY26-0498,Next Steps,Deep dive,Proposal review,2026-06-28
OPP-FY26-0498,Next Steps,Proposal review,Proposal review - update,2026-07-22
OPP-FY26-0498,Next Steps,Proposal review - update,Proposal review - update - pending,2026-08-23
OPP-FY26-0499,Next Steps,POC run,Exec sponsor confirm,2026-02-04
OPP-FY26-0499,Next Steps,Exec sponsor confirm,Exec sponsor confirm,2026-03-15
OPP-FY26-0499,Next Steps,Exec sponsor confirm,Procurement alignment,2026-03-21
OPP-FY26-0500,Next Steps,POC run,Implementation plan,2025-11-27
OPP-FY26-0500,Next Steps,Implementation plan,Exec sponsor confirm,2026-01-01
